group,file,time_sec,confidence,uncertainty,matches_catalog,needs_review
S12_GradeB,xa.s12.00.mhz.1969-12-16HR00_evid00006,1468.4,0.6064,0.0143,,False
S12_GradeB,xa.s12.00.mhz.1969-12-16HR00_evid00006,4984.8,0.6913,0.0154,,False
S12_GradeB,xa.s12.00.mhz.1969-12-16HR00_evid00006,9583.1,0.6805,0.032,,False
S12_GradeB,xa.s12.00.mhz.1969-12-16HR00_evid00006,17533.6,0.5366,0.0255,,False
S12_GradeB,xa.s12.00.mhz.1969-12-16HR00_evid00006,82963.3,0.8288,0.0497,,False
S12_GradeB,xa.s12.00.mhz.1970-01-09HR00_evid00007,289.8,0.9035,0.0038,,False
S12_GradeB,xa.s12.00.mhz.1970-01-09HR00_evid00007,7081.1,0.5,0.0121,,False
S12_GradeB,xa.s12.00.mhz.1970-01-09HR00_evid00007,24373.1,0.6406,0.0173,,False
S12_GradeB,xa.s12.00.mhz.1970-02-07HR00_evid00014,289.8,0.8757,0.0047,,False
S12_GradeB,xa.s12.00.mhz.1970-02-07HR00_evid00014,5574.0,0.6877,0.0208,,False
S12_GradeB,xa.s12.00.mhz.1970-02-07HR00_evid00014,12307.3,0.3626,0.0157,,False
S12_GradeB,xa.s12.00.mhz.1970-02-18HR00_evid00016,289.8,0.8597,0.0089,,False
S12_GradeB,xa.s12.00.mhz.1970-02-18HR00_evid00016,6095.7,0.369,0.006,,False
S12_GradeB,xa.s12.00.mhz.1970-02-18HR00_evid00016,43829.1,0.5197,0.0402,,False
S12_GradeB,xa.s12.00.mhz.1970-02-18HR00_evid00016,55663.1,0.3684,0.0774,,True
S12_GradeB,xa.s12.00.mhz.1970-03-14HR00_evid00018,289.8,0.8762,0.0045,,False
S12_GradeB,xa.s12.00.mhz.1970-03-30HR00_evid00020,289.8,0.8336,0.0251,,False
S12_GradeB,xa.s12.00.mhz.1970-03-30HR00_evid00020,46282.9,0.3821,0.0161,,False
S12_GradeB,xa.s12.00.mhz.1970-03-30HR00_evid00020,63517.0,0.5126,0.0148,,False
S12_GradeB,xa.s12.00.mhz.1970-03-30HR00_evid00020,73834.3,0.7826,0.0295,,False
S12_GradeB,xa.s12.00.mhz.1970-04-03HR00_evid00021,38912.0,0.3882,0.0052,,False
S12_GradeB,xa.s12.00.mhz.1970-05-23HR00_evid00027,289.8,0.8813,0.004,,False
S12_GradeB,xa.s12.00.mhz.1970-05-23HR00_evid00027,47248.9,0.7505,0.0117,,False
S12_GradeB,xa.s12.00.mhz.1970-05-24HR00_evid00028,289.8,0.8596,0.002,,False
S12_GradeB,xa.s12.00.mhz.1970-05-24HR00_evid00028,8346.6,0.4618,0.0345,,False
S12_GradeB,xa.s12.00.mhz.1970-05-24HR00_evid00028,16152.2,0.6239,0.0391,,False
S12_GradeB,xa.s12.00.mhz.1970-05-24HR00_evid00028,43462.0,0.7395,0.0356,,False
S12_GradeB,xa.s12.00.mhz.1970-05-24HR00_evid00028,83581.6,0.673,0.004,,False
S12_GradeB,xa.s12.00.mhz.1970-05-25HR00_evid00029,289.8,0.8841,0.0051,,False
S12_GradeB,xa.s12.00.mhz.1970-05-25HR00_evid00029,43896.8,0.7614,0.0122,,False
S12_GradeB,xa.s12.00.mhz.1970-06-19HR00_evid00031,289.8,0.8678,0.0028,,False
S12_GradeB,xa.s12.00.mhz.1970-06-19HR00_evid00031,76944.9,0.3365,0.0286,,False
S12_GradeB,xa.s12.00.mhz.1970-07-17HR00_evid00035,289.8,0.8649,0.0095,,False
S12_GradeB,xa.s12.00.mhz.1970-07-17HR00_evid00035,17949.0,0.6207,0.0086,,False
S12_GradeB,xa.s12.00.mhz.1970-07-17HR00_evid00035,27367.8,0.4692,0.0259,,False
S12_GradeB,xa.s12.00.mhz.1970-07-18HR00_evid00036,289.8,0.8751,0.0019,,False
S12_GradeB,xa.s12.00.mhz.1970-07-18HR00_evid00036,52330.3,0.2436,0.0362,,True
S12_GradeB,xa.s12.00.mhz.1970-07-18HR00_evid00036,76548.8,0.4588,0.0274,,False
S12_GradeB,xa.s12.00.mhz.1970-07-20HR00_evid00037,289.8,0.8901,0.0043,,False
S12_GradeB,xa.s12.00.mhz.1970-07-20HR00_evid00037,18258.1,0.6878,0.0138,,False
S12_GradeB,xa.s12.00.mhz.1970-07-20HR00_evid00037,23783.8,0.7491,0.0142,,False
S12_GradeB,xa.s12.00.mhz.1970-07-20HR00_evid00037,42070.9,0.8883,0.0033,,False
S12_GradeB,xa.s12.00.mhz.1970-07-27HR00_evid00039,541.0,0.4479,0.0479,,False
S12_GradeB,xa.s12.00.mhz.1970-07-27HR00_evid00039,13167.1,0.8326,0.0228,,False
S12_GradeB,xa.s12.00.mhz.1970-09-09HR00_evid00043,43655.2,0.3337,0.0042,,False
S12_GradeB,xa.s12.00.mhz.1970-10-26HR00_evid00049,18470.6,0.5192,0.0423,,False
S12_GradeB,xa.s12.00.mhz.1970-11-03HR00_evid00050,289.8,0.8329,0.0102,,False
S12_GradeB,xa.s12.00.mhz.1970-11-03HR00_evid00050,61971.3,0.7604,0.0037,,False
S12_GradeB,xa.s12.00.mhz.1970-11-03HR00_evid00051,289.8,0.8373,0.0098,,False
S12_GradeB,xa.s12.00.mhz.1970-11-03HR00_evid00051,61971.3,0.7608,0.0172,,False
S12_GradeB,xa.s12.00.mhz.1971-01-03HR00_evid00057,289.8,0.8807,0.0034,,False
S12_GradeB,xa.s12.00.mhz.1971-01-03HR00_evid00057,39317.7,0.5709,0.0404,,False
S12_GradeB,xa.s12.00.mhz.1971-01-05HR00_evid00059,289.8,0.875,0.0048,,False
S12_GradeB,xa.s12.00.mhz.1971-01-05HR00_evid00059,2965.7,0.6934,0.0571,,True
S12_GradeB,xa.s12.00.mhz.1971-01-17HR00_evid00060,289.8,0.8688,0.01,,False
S12_GradeB,xa.s12.00.mhz.1971-01-17HR00_evid00060,26884.8,0.7812,0.042,,False
S12_GradeB,xa.s12.00.mhz.1971-01-17HR00_evid00060,64202.9,0.7128,0.0073,,False
S12_GradeB,xa.s12.00.mhz.1971-03-15HR00_evid00073,289.8,0.8732,0.0042,,False
S12_GradeB,xa.s12.00.mhz.1971-03-15HR00_evid00073,28024.8,0.6306,0.0179,,False
S12_GradeB,xa.s12.00.mhz.1971-04-08HR01_evid00083,7651.0,0.4816,0.005,,False
S12_GradeB,xa.s12.00.mhz.1971-04-08HR01_evid00083,27184.3,0.2975,0.0259,,True
S12_GradeB,xa.s12.00.mhz.1971-05-22HR00_evid00092,289.8,0.4617,0.016,,False
S12_GradeB,xa.s12.00.mhz.1971-05-22HR00_evid00092,64251.2,0.8486,0.008,,False
S12_GradeB,xa.s12.00.mhz.1971-06-11HR00_evid00096,289.8,0.8874,0.0041,,False
S12_GradeB,xa.s12.00.mhz.1971-06-11HR00_evid00096,24189.6,0.6072,0.01,,False
S12_GradeB,xa.s12.00.mhz.1971-06-11HR00_evid00096,49750.9,0.5671,0.0285,,False
S12_GradeB,xa.s12.00.mhz.1971-06-27HR00_evid00101,289.8,0.8683,0.0064,,False
S12_GradeB,xa.s12.00.mhz.1971-06-27HR00_evid00101,68018.7,0.8773,0.0039,,False
S12_GradeB,xa.s12.00.mhz.1971-10-06HR00_evid00124,289.8,0.8928,0.0035,,False
S12_GradeB,xa.s12.00.mhz.1971-10-06HR00_evid00124,38757.4,0.6799,0.0267,,False
S12_GradeB,xa.s12.00.mhz.1971-10-06HR00_evid00124,62116.2,0.5048,0.0229,,False
S12_GradeB,xa.s12.00.mhz.1971-10-06HR00_evid00124,79089.5,0.3891,0.0396,,False
S12_GradeB,xa.s12.00.mhz.1971-10-06HR00_evid00125,289.8,0.8911,0.0018,,False
S12_GradeB,xa.s12.00.mhz.1971-10-06HR00_evid00125,38747.8,0.6731,0.0363,,False
S12_GradeB,xa.s12.00.mhz.1971-10-06HR00_evid00125,62116.2,0.5046,0.0144,,False
S12_GradeB,xa.s12.00.mhz.1971-10-06HR00_evid00125,79089.5,0.3875,0.0338,,False
S12_GradeB,xa.s12.00.mhz.1971-10-26HR00_evid00133,289.8,0.732,0.0262,,False
S12_GradeB,xa.s12.00.mhz.1971-10-26HR00_evid00133,16567.5,0.3413,0.0051,,False
S12_GradeB,xa.s12.00.mhz.1971-10-26HR00_evid00133,51035.8,0.379,0.0512,,True
S12_GradeB,xa.s12.00.mhz.1971-11-24HR00_evid00156,9863.2,0.466,0.0466,,False
S12_GradeB,xa.s12.00.mhz.1972-01-26HR00_evid00186,18547.9,0.8365,0.0073,,False
S12_GradeB,xa.s12.00.mhz.1972-01-26HR00_evid00186,37743.1,0.3948,0.0194,,False
S12_GradeB,xa.s12.00.mhz.1972-01-26HR00_evid00186,58648.2,0.4062,0.0415,,False
S12_GradeB,xa.s12.00.mhz.1972-02-21HR00_evid00190,75167.4,0.4355,0.0126,,False
S12_GradeB,xa.s12.00.mhz.1972-02-28HR00_evid00192,289.8,0.8674,0.0044,,False
S12_GradeB,xa.s12.00.mhz.1972-02-28HR00_evid00192,12732.4,0.5822,0.0662,,True
S12_GradeB,xa.s12.00.mhz.1972-02-28HR00_evid00192,17311.4,0.7356,0.0646,,True
S12_GradeB,xa.s12.00.mhz.1972-02-28HR00_evid00192,45394.1,0.5892,0.0139,,False
S12_GradeB,xa.s12.00.mhz.1972-05-15HR00_evid00223,1545.7,0.3142,0.0192,,False
S12_GradeB,xa.s12.00.mhz.1972-05-15HR00_evid00223,62348.1,0.4337,0.0919,,True
S12_GradeB,xa.s12.00.mhz.1972-05-19HR00_evid00228,289.8,0.8735,0.006,,False
S12_GradeB,xa.s12.00.mhz.1972-05-19HR00_evid00228,45114.0,0.594,0.0305,,False
S12_GradeB,xa.s12.00.mhz.1972-05-19HR00_evid00228,66192.9,0.4492,0.0144,,False
S12_GradeB,xa.s12.00.mhz.1972-11-14HR00_evid00331,69622.3,0.7828,0.015,,False
S12_GradeB,xa.s12.00.mhz.1972-11-19HR00_evid00335,289.8,0.9095,0.0011,,False
S12_GradeB,xa.s12.00.mhz.1972-11-19HR00_evid00335,14954.3,0.4436,0.0152,,False
S12_GradeB,xa.s12.00.mhz.1972-11-19HR00_evid00335,18122.9,0.5028,0.0314,,False
S12_GradeB,xa.s12.00.mhz.1972-11-19HR00_evid00335,66154.3,0.6809,0.017,,False
S12_GradeB,xa.s12.00.mhz.1972-12-02HR00_evid00341,28643.0,0.6278,0.0117,,False
S12_GradeB,xa.s12.00.mhz.1972-12-02HR00_evid00341,78480.9,0.4573,0.046,,False
S12_GradeB,xa.s12.00.mhz.1972-12-06HR00_evid00342,502.3,0.3126,0.0146,,False
S12_GradeB,xa.s12.00.mhz.1972-12-06HR00_evid00342,50832.9,0.6908,0.0123,,False
S12_GradeB,xa.s12.00.mhz.1972-12-15HR00_evid00349,289.8,0.8683,0.0058,,False
S12_GradeB,xa.s12.00.mhz.1972-12-15HR00_evid00349,21900.1,0.5398,0.0225,,False
S12_GradeB,xa.s12.00.mhz.1972-12-15HR00_evid00349,24720.9,0.7417,0.0085,,False
S12_GradeB,xa.s12.00.mhz.1972-12-15HR00_evid00349,27976.5,0.5702,0.0091,,False
S12_GradeB,xa.s12.00.mhz.1973-03-12HR00_evid00384,74404.2,0.5444,0.0221,,False
S12_GradeB,xa.s12.00.mhz.1973-04-23HR00_evid00399,289.8,0.8872,0.0024,,False
S12_GradeB,xa.s12.00.mhz.1973-04-23HR00_evid00399,50098.7,0.8692,0.008,,False
S12_GradeB,xa.s12.00.mhz.1973-08-08HR00_evid00437,289.8,0.8567,0.0055,,False
S12_GradeB,xa.s12.00.mhz.1973-08-08HR00_evid00437,40187.2,0.4725,0.0385,,False
S12_GradeB,xa.s12.00.mhz.1973-08-08HR00_evid00437,59933.0,0.3953,0.0309,,False
S12_GradeB,xa.s12.00.mhz.1973-08-08HR00_evid00437,62145.2,0.5788,0.0124,,False
S12_GradeB,xa.s12.00.mhz.1973-10-03HR03_evid00461,59363.0,0.6966,0.0136,,False
S12_GradeB,xa.s12.00.mhz.1973-10-10HR00_evid00463,10867.9,0.328,0.018,,False
S12_GradeB,xa.s12.00.mhz.1973-11-22HR00_evid00475,50079.4,0.7877,0.0094,,False
S12_GradeB,xa.s12.00.mhz.1974-03-14HR00_evid00506,289.8,0.8772,0.0054,,False
S12_GradeB,xa.s12.00.mhz.1974-03-14HR00_evid00506,18325.7,0.2958,0.0699,,True
S12_GradeB,xa.s12.00.mhz.1974-03-14HR00_evid00506,27194.0,0.8593,0.0072,,False
S12_GradeB,xa.s12.00.mhz.1974-03-30HR00_evid00512,71090.7,0.7738,0.0141,,False
S12_GradeB,xa.s12.00.mhz.1974-05-09HR00_evid00522,289.8,0.8765,0.0041,,False
S12_GradeB,xa.s12.00.mhz.1974-05-09HR00_evid00522,48417.8,0.7395,0.0052,,False
S12_GradeB,xa.s12.00.mhz.1974-05-09HR00_evid00522,79707.8,0.231,0.0295,,True
S12_GradeB,xa.s12.00.mhz.1974-06-30HR00_evid00543,289.8,0.8877,0.0017,,False
S12_GradeB,xa.s12.00.mhz.1974-06-30HR00_evid00543,25358.5,0.4221,0.0399,,False
S12_GradeB,xa.s12.00.mhz.1974-06-30HR00_evid00543,63739.2,0.9187,0.006,,False
S12_GradeB,xa.s12.00.mhz.1974-07-25HR05_evid00553,289.8,0.4944,0.0556,,True
S12_GradeB,xa.s12.00.mhz.1974-07-25HR05_evid00553,32951.5,0.558,0.0117,,False
S12_GradeB,xa.s12.00.mhz.1974-10-02HR00_evid00572,289.8,0.574,0.0753,,True
S12_GradeB,xa.s12.00.mhz.1974-10-02HR00_evid00572,32014.5,0.2795,0.0352,,True
S12_GradeB,xa.s12.00.mhz.1974-10-02HR00_evid00572,48321.2,0.7741,0.0156,,False
S12_GradeB,xa.s12.00.mhz.1974-10-02HR00_evid00572,75070.8,0.5123,0.029,,False
S12_GradeB,xa.s12.00.mhz.1975-04-21HR00_evid00638,289.8,0.7728,0.0077,,False
S12_GradeB,xa.s12.00.mhz.1975-04-21HR00_evid00638,7332.2,0.8037,0.0193,,False
S12_GradeB,xa.s12.00.mhz.1975-04-21HR00_evid00638,19156.5,0.6156,0.0285,,False
S12_GradeB,xa.s12.00.mhz.1975-05-16HR00_evid00651,31908.2,0.2633,0.0481,,True
S12_GradeB,xa.s12.00.mhz.1975-05-16HR00_evid00651,62444.7,0.521,0.0225,,False
S12_GradeB,xa.s12.00.mhz.1975-05-16HR00_evid00651,80065.2,0.4185,0.0134,,False
S12_GradeB,xa.s12.00.mhz.1975-05-20HR00_evid00652,289.8,0.8867,0.0015,,False
S12_GradeB,xa.s12.00.mhz.1975-05-20HR00_evid00652,23474.7,0.6174,0.0178,,False
S12_GradeB,xa.s12.00.mhz.1975-05-20HR00_evid00652,28730.0,0.3979,0.0602,,True
S12_GradeB,xa.s12.00.mhz.1975-05-20HR00_evid00652,57459.9,0.3539,0.0535,,True
S12_GradeB,xa.s12.00.mhz.1975-05-20HR00_evid00652,62927.7,0.4815,0.0119,,False
S12_GradeB,xa.s12.00.mhz.1975-06-15HR00_evid00660,13766.0,0.6961,0.0078,,False
S12_GradeB,xa.s12.00.mhz.1975-06-15HR00_evid00660,84286.8,0.5432,0.0467,,False
S12_GradeB,xa.s12.00.mhz.1975-06-17HR00_evid00662,289.8,0.7796,0.0192,,False
S12_GradeB,xa.s12.00.mhz.1975-06-17HR00_evid00662,24585.7,0.372,0.0366,,False
S12_GradeB,xa.s12.00.mhz.1975-06-17HR00_evid00662,43887.1,0.8662,0.0027,,False
S12_GradeB,xa.s12.00.mhz.1975-06-17HR00_evid00662,62695.8,0.563,0.0132,,False
S12_GradeB,xa.s12.00.mhz.1975-06-17HR00_evid00662,80934.6,0.3913,0.0439,,False
S12_GradeB,xa.s12.00.mhz.1977-04-11HR00_evid00915,289.8,0.877,0.0053,,False
S12_GradeB,xa.s12.00.mhz.1977-04-11HR00_evid00915,47925.1,0.6801,0.0318,,False
S12_GradeB,xa.s12.00.mhz.1977-04-24HR00_evid00923,289.8,0.8562,0.0085,,False
S12_GradeB,xa.s12.00.mhz.1977-04-24HR00_evid00923,41365.7,0.7018,0.048,,False
S12_GradeB,xa.s12.00.mhz.1977-04-24HR00_evid00923,58213.4,0.7379,0.0132,,False
S12_GradeB,xa.s12.00.mhz.1977-04-24HR00_evid00923,84151.5,0.2826,0.009,,True
S12_GradeB,xa.s12.00.mhz.1977-04-26HR00_evid00924,289.8,0.8813,0.0034,,False
S12_GradeB,xa.s12.00.mhz.1977-04-26HR00_evid00924,25368.2,0.2941,0.0276,,True
S12_GradeB,xa.s12.00.mhz.1977-04-26HR00_evid00924,36622.5,0.4186,0.0383,,False
S12_GradeB,xa.s12.00.mhz.1977-04-26HR00_evid00924,76664.8,0.3058,0.027,,False
S12_GradeB,xa.s12.00.mhz.1977-07-19HR00_evid00991,289.8,0.8839,0.0027,,False
S12_GradeB,xa.s12.00.mhz.1977-07-19HR00_evid00991,30961.5,0.637,0.0423,,False
S12_GradeB,xa.s12.00.mhz.1977-07-19HR00_evid00991,32999.8,0.6796,0.0492,,False
S12_GradeB,xa.s12.00.mhz.1977-07-19HR00_evid00991,43259.2,0.6711,0.0322,,False
S12_GradeB,xa.s12.00.mhz.1977-07-19HR00_evid00991,74413.9,0.886,0.0051,,False
S12_GradeB,xa.s12.00.mhz.1977-07-19HR00_evid00991,83098.6,0.3935,0.0271,,False
S12_GradeB,xa.s12.00.mhz.1977-09-13HR00_evid01012,289.8,0.8961,0.0022,,False
S12_GradeB,xa.s12.00.mhz.1977-09-13HR00_evid01012,11061.1,0.7303,0.0501,,True
S12_GradeB,xa.s12.00.mhz.1977-09-13HR00_evid01012,40989.0,0.6163,0.0346,,False
S12_GradeB,xa.s12.00.mhz.1977-09-13HR00_evid01012,73814.9,0.897,0.0025,,False
S12_GradeB,xa.s12.00.mhz.1977-09-13HR00_evid01012,76346.0,0.3609,0.0385,,False
S12_GradeB,xa.s12.00.mhz.1977-09-13HR00_evid01012,81156.8,0.8291,0.0469,,False
S12_GradeB,xa.s12.00.mhz.1977-09-13HR00_evid01012,83040.6,0.7707,0.0102,,False
S15_GradeA,xa.s15.00.mhz.1973-04-04HR00_evid00098,5651.3,0.6754,0.0467,,False
S15_GradeA,xa.s15.00.mhz.1973-04-04HR00_evid00098,7738.0,0.7404,0.0551,,True
S15_GradeA,xa.s15.00.mhz.1973-04-04HR00_evid00098,31193.4,0.5126,0.0414,,False
S15_GradeA,xa.s15.00.mhz.1973-04-04HR00_evid00098,33077.1,0.5557,0.0232,,False
S15_GradeA,xa.s15.00.mhz.1973-04-04HR00_evid00098,49712.3,0.6612,0.0401,,False
S15_GradeA,xa.s15.00.mhz.1973-04-04HR00_evid00098,66241.2,0.8046,0.0102,,False
S15_GradeA,xa.s15.00.mhz.1973-08-10HR00_evid00126,289.8,0.8674,0.0038,,False
S15_GradeA,xa.s15.00.mhz.1973-08-10HR00_evid00126,64666.6,0.7915,0.0167,,False
S15_GradeA,xa.s15.00.mhz.1973-08-10HR00_evid00126,75978.9,0.5541,0.0185,,False
S15_GradeA,xa.s15.00.mhz.1973-10-27HR00_evid00134,289.8,0.8761,0.003,,False
S15_GradeA,xa.s15.00.mhz.1973-10-27HR00_evid00134,40245.1,0.5181,0.0247,,False
S15_GradeA,xa.s15.00.mhz.1974-10-19HR00_evid00157,289.8,0.8658,0.0157,,False
S15_GradeA,xa.s15.00.mhz.1974-10-19HR00_evid00157,13882.0,0.2804,0.0125,,True
S15_GradeA,xa.s15.00.mhz.1974-10-19HR00_evid00157,48417.8,0.3498,0.0579,,True
S15_GradeA,xa.s15.00.mhz.1974-10-19HR00_evid00157,70511.1,0.8781,0.0054,,False
S15_GradeA,xa.s15.00.mhz.1974-10-19HR00_evid00157,80451.6,0.4801,0.0289,,False
S15_GradeA,xa.s15.00.mhz.1974-11-17HR00_evid00162,289.8,0.8678,0.0023,,False
S15_GradeA,xa.s15.00.mhz.1974-11-17HR00_evid00162,35405.3,0.4462,0.0326,,False
S15_GradeA,xa.s15.00.mhz.1974-11-17HR00_evid00162,71593.1,0.3915,0.0089,,False
S15_GradeA,xa.s15.00.mhz.1974-11-21HR00_evid00166,289.8,0.9089,0.0043,,False
S15_GradeA,xa.s15.00.mhz.1974-11-21HR00_evid00166,47828.5,0.6485,0.0142,,False
S15_GradeA,xa.s15.00.mhz.1974-11-21HR00_evid00166,62251.5,0.347,0.0193,,False
S15_GradeA,xa.s15.00.mhz.1974-12-15HR00_evid00169,289.8,0.8865,0.0028,,False
S15_GradeA,xa.s15.00.mhz.1974-12-15HR00_evid00169,14268.4,0.7232,0.0079,,False
S15_GradeA,xa.s15.00.mhz.1974-12-15HR00_evid00169,20412.4,0.7023,0.0139,,False
S15_GradeA,xa.s15.00.mhz.1974-12-15HR00_evid00169,25532.4,0.5601,0.0243,,False
S15_GradeA,xa.s15.00.mhz.1974-12-15HR00_evid00169,32806.6,0.8057,0.0037,,False
S15_GradeA,xa.s15.00.mhz.1974-12-15HR00_evid00170,289.8,0.8876,0.0017,,False
S15_GradeA,xa.s15.00.mhz.1974-12-15HR00_evid00170,14268.4,0.7245,0.007,,False
S15_GradeA,xa.s15.00.mhz.1974-12-15HR00_evid00170,20412.4,0.7123,0.0058,,False
S15_GradeA,xa.s15.00.mhz.1974-12-15HR00_evid00170,32797.0,0.8019,0.0036,,False
S15_GradeA,xa.s15.00.mhz.1975-04-12HR00_evid00190,289.8,0.8594,0.0054,,False
S15_GradeA,xa.s15.00.mhz.1975-04-12HR00_evid00190,3265.2,0.3231,0.0227,,False
S15_GradeA,xa.s15.00.mhz.1975-04-12HR00_evid00190,8375.5,0.4961,0.0685,,True
S15_GradeA,xa.s15.00.mhz.1975-04-12HR00_evid00190,34168.8,0.3659,0.0211,,False
S15_GradeA,xa.s15.00.mhz.1975-04-12HR00_evid00190,65526.3,0.8671,0.011,,False
S15_GradeA,xa.s15.00.mhz.1975-06-22HR00_evid00194,289.8,0.8687,0.0057,,False
S15_GradeA,xa.s15.00.mhz.1975-06-22HR00_evid00194,25001.1,0.4319,0.0118,,False
S15_GradeA,xa.s15.00.mhz.1975-06-22HR00_evid00194,71612.4,0.3977,0.0077,,False
S15_GradeB,xa.s15.00.mhz.1974-02-06HR00_evid00497,289.8,0.8955,0.0036,,False
S15_GradeB,xa.s15.00.mhz.1974-02-06HR00_evid00497,3139.6,0.6032,0.0159,,False
S15_GradeB,xa.s15.00.mhz.1974-02-06HR00_evid00497,35869.0,0.616,0.0596,,True
S15_GradeB,xa.s15.00.mhz.1974-02-06HR00_evid00497,51596.1,0.4258,0.0262,,False
S15_GradeB,xa.s15.00.mhz.1974-02-06HR00_evid00497,59450.0,0.3877,0.0388,,False
S15_GradeB,xa.s15.00.mhz.1974-06-16HR00_evid00536,289.8,0.8851,0.0039,,False
S15_GradeB,xa.s15.00.mhz.1974-06-16HR00_evid00536,40196.8,0.3861,0.0308,,False
S15_GradeB,xa.s15.00.mhz.1974-06-16HR00_evid00536,70356.5,0.4667,0.0101,,False
S15_GradeB,xa.s15.00.mhz.1974-06-30HR00_evid00542,289.8,0.8863,0.003,,False
S15_GradeB,xa.s15.00.mhz.1974-06-30HR00_evid00542,27841.2,0.5792,0.0243,,False
S15_GradeB,xa.s15.00.mhz.1974-06-30HR00_evid00542,30864.9,0.3573,0.0174,,False
S15_GradeB,xa.s15.00.mhz.1974-08-04HR00_evid00557,289.8,0.9108,0.0038,,False
S15_GradeB,xa.s15.00.mhz.1974-08-04HR00_evid00557,15640.2,0.4586,0.0432,,False
S15_GradeB,xa.s15.00.mhz.1975-05-20HR00_evid00653,289.8,0.9025,0.0035,,False
S15_GradeB,xa.s15.00.mhz.1975-05-20HR00_evid00653,11843.6,0.4735,0.0445,,False
S15_GradeB,xa.s15.00.mhz.1975-05-20HR00_evid00653,63352.8,0.755,0.0181,,False
S15_GradeB,xa.s15.00.mhz.1975-05-20HR00_evid00653,83784.5,0.5289,0.0178,,False
S16_GradeA,xa.s16.00.mhz.1972-09-10HR00_evid00075,289.8,0.8806,0.0049,,False
S16_GradeA,xa.s16.00.mhz.1972-09-10HR00_evid00075,46669.3,0.8048,0.0123,,False
S16_GradeA,xa.s16.00.mhz.1972-09-10HR00_evid00075,63961.4,0.7835,0.0201,,False
S16_GradeA,xa.s16.00.mhz.1972-09-10HR00_evid00075,71979.5,0.5291,0.0388,,False
S16_GradeA,xa.s16.00.mhz.1972-11-06HR00_evid00079,289.8,0.8751,0.0019,,False
S16_GradeA,xa.s16.00.mhz.1972-11-06HR00_evid00079,15611.2,0.8313,0.0097,,False
S16_GradeA,xa.s16.00.mhz.1972-11-08HR00_evid00080,289.8,0.8912,0.0103,,False
S16_GradeA,xa.s16.00.mhz.1972-11-08HR00_evid00080,67352.2,0.8238,0.003,,False
S16_GradeA,xa.s16.00.mhz.1972-11-14HR00_evid00081,289.8,0.7575,0.036,,False
S16_GradeA,xa.s16.00.mhz.1972-11-14HR00_evid00081,27860.5,0.8234,0.0046,,False
S16_GradeA,xa.s16.00.mhz.1972-11-14HR00_evid00081,69999.1,0.4106,0.0142,,False
S16_GradeA,xa.s16.00.mhz.1973-07-31HR00_evid00123,35521.2,0.6534,0.0104,,False
S16_GradeA,xa.s16.00.mhz.1974-05-19HR00_evid00146,16490.3,0.2805,0.0304,,True
S16_GradeA,xa.s16.00.mhz.1974-05-19HR00_evid00146,69235.9,0.8091,0.0079,,False
S16_GradeA,xa.s16.00.mhz.1974-11-11HR00_evid00160,289.8,0.8777,0.0026,,False
S16_GradeA,xa.s16.00.mhz.1974-11-11HR00_evid00160,5776.9,0.2915,0.0403,,True
S16_GradeA,xa.s16.00.mhz.1974-11-11HR00_evid00160,43858.1,0.3017,0.0228,,False
S16_GradeA,xa.s16.00.mhz.1974-11-11HR00_evid00160,57856.0,0.5025,0.0215,,False
S16_GradeA,xa.s16.00.mhz.1974-11-11HR00_evid00160,61092.2,0.4911,0.0146,,False
S16_GradeA,xa.s16.00.mhz.1974-11-11HR00_evid00160,75437.9,0.4035,0.0482,,False
S16_GradeA,xa.s16.00.mhz.1974-12-12HR02_evid00168,289.8,0.546,0.0286,,False
S16_GradeA,xa.s16.00.mhz.1974-12-12HR02_evid00168,7718.6,0.439,0.017,,False
S16_GradeA,xa.s16.00.mhz.1974-12-12HR02_evid00168,55411.9,0.4946,0.0339,,False
S16_GradeA,xa.s16.00.mhz.1974-12-15HR00_evid00172,289.8,0.8837,0.0036,,False
S16_GradeA,xa.s16.00.mhz.1974-12-15HR00_evid00172,32826.0,0.8349,0.0051,,False
S16_GradeA,xa.s16.00.mhz.1974-12-15HR00_evid00172,41713.5,0.3852,0.0342,,False
S16_GradeA,xa.s16.00.mhz.1974-12-25HR00_evid00174,289.8,0.8981,0.0035,,False
S16_GradeA,xa.s16.00.mhz.1974-12-25HR00_evid00174,52417.2,0.6375,0.0496,,False
S16_GradeA,xa.s16.00.mhz.1974-12-25HR00_evid00174,76906.3,0.7709,0.008,,False
S16_GradeA,xa.s16.00.mhz.1975-02-19HR00_evid00180,289.8,0.8036,0.0076,,False
S16_GradeA,xa.s16.00.mhz.1975-02-19HR00_evid00180,3197.6,0.7318,0.0259,,False
S16_GradeA,xa.s16.00.mhz.1975-02-19HR00_evid00180,74771.3,0.4461,0.0219,,False
S16_GradeA,xa.s16.00.mhz.1975-02-19HR00_evid00180,83407.7,0.7899,0.0165,,False
S16_GradeA,xa.s16.00.mhz.1975-03-26HR00_evid00186,289.8,0.8644,0.0088,,False
S16_GradeA,xa.s16.00.mhz.1975-03-26HR00_evid00186,43230.2,0.4657,0.0284,,False
S16_GradeA,xa.s16.00.mhz.1975-03-26HR00_evid00186,67371.5,0.6885,0.0144,,False
S16_GradeA,xa.s16.00.mhz.1975-03-26HR00_evid00186,80509.6,0.4865,0.0333,,False
S16_GradeA,xa.s16.00.mhz.1977-04-17HR00_evid00249,289.8,0.7789,0.0252,,False
S16_GradeA,xa.s16.00.mhz.1977-04-17HR00_evid00249,37868.7,0.6716,0.0737,,True
S16_GradeA,xa.s16.00.mhz.1977-04-17HR00_evid00249,48987.8,0.7082,0.009,,False
S16_GradeA,xa.s16.00.mhz.1977-04-17HR00_evid00249,74317.3,0.5821,0.0197,,False
S16_GradeA,xa.s16.00.mhz.1977-04-17HR00_evid00249,84856.8,0.7499,0.0137,,False
S16_GradeA,xa.s16.00.mhz.1977-06-02HR00_evid00255,289.8,0.8284,0.0239,,False
S16_GradeA,xa.s16.00.mhz.1977-06-02HR00_evid00255,51818.3,0.9226,0.0023,,False
S16_GradeA,xa.s16.00.mhz.1977-06-02HR00_evid00255,61546.3,0.3416,0.0209,,False
S16_GradeB,xa.s16.00.mhz.1973-08-25HR00_evid00443,289.8,0.8697,0.0066,,False
S16_GradeB,xa.s16.00.mhz.1973-08-25HR00_evid00443,9882.6,0.5803,0.0099,,False
S16_GradeB,xa.s16.00.mhz.1973-08-25HR00_evid00443,29560.8,0.6595,0.027,,False
S16_GradeB,xa.s16.00.mhz.1973-12-18HR00_evid00487,47017.1,0.2733,0.009,,True
S16_GradeB,xa.s16.00.mhz.1973-12-18HR00_evid00487,54581.1,0.6776,0.0468,,False
S16_GradeB,xa.s16.00.mhz.1973-12-18HR00_evid00487,75969.2,0.4654,0.0431,,False
S16_GradeB,xa.s16.00.mhz.1974-11-14HR00_evid00587,289.8,0.4762,0.0109,,False
S16_GradeB,xa.s16.00.mhz.1974-11-14HR00_evid00587,74288.3,0.5072,0.0171,,False
