station,time_utc,epoch,confidence,loc,valid_frac,day,nakamura_match
S15,1971-07-31T20:28:42,49840122.72,0.4349,00,1.0,1971-07-31,0
S15,1971-09-22T03:27:29,54358049.06,0.3638,00,1.0,1971-09-22,0
S15,1971-09-22T08:26:28,54375988.38,0.3232,00,1.0,1971-09-22,0
S15,1971-09-22T10:09:11,54382151.7,0.373,00,1.0,1971-09-22,0
S15,1971-09-22T10:40:16,54384016.15,0.3375,00,1.0,1971-09-22,0
S15,1971-09-22T11:32:55,54387175.09,0.3294,00,1.0,1971-09-22,0
S15,1971-09-22T12:43:36,54391416.0,0.3423,00,1.0,1971-09-22,0
S15,1971-09-22T13:26:16,54393976.0,0.3238,00,1.0,1971-09-22,0
S15,1971-10-20T18:14:18,56830458.42,0.3108,00,1.0,1971-10-20,0
S15,1971-12-08T01:05:38,61002338.26,0.3251,00,1.0,1971-12-08,0
S15,1972-01-15T16:12:35,64339955.17,0.378,00,1.0,1972-01-15,0
S15,1972-04-04T18:04:29,71258669.13,0.4612,00,1.0,1972-04-04,0
S15,1972-04-19T21:10:55,72565855.85,0.3026,00,1.0,1972-04-19,0
S15,1972-07-31T18:34:16,81455656.3,0.3425,00,1.0,1972-07-31,0
S15,1972-08-06T05:29:21,81926961.96,0.4037,00,0.9443,1972-08-06,0
S15,1972-08-18T18:55:50,83012150.79,0.3253,00,1.0,1972-08-18,0
S15,1972-08-19T06:20:43,83053243.62,0.4039,00,0.9366,1972-08-19,0
S15,1973-03-29T06:53:34,102236014.34,0.3711,00,1.0,1973-03-29,0
S15,1973-04-28T04:42:01,104820121.81,0.3117,00,1.0,1973-04-28,0
S15,1973-06-07T15:19:07,108314347.92,0.2907,00,1.0,1973-06-07,0
S15,1973-06-23T00:54:31,109644871.7,0.3735,00,0.9569,1973-06-23,0
S15,1973-07-28T18:52:47,112733567.25,0.4662,00,0.9726,1973-07-28,0
S15,1973-11-14T08:45:47,122114747.62,0.4759,00,1.0,1973-11-14,0
S15,1974-02-22T09:49:23,130758563.47,0.5095,00,0.9285,1974-02-22,0
S15,1974-06-13T18:45:51,140381151.85,0.3284,00,1.0,1974-06-13,0
S15,1975-02-05T17:20:41,160852841.51,0.4036,00,0.9914,1975-02-05,0
S15,1975-03-07T10:31:34,163420294.49,0.4379,00,1.0,1975-03-07,0
S15,1975-09-09T20:29:23,179526563.47,0.3706,01,1.0,1975-09-09,0
S15,1975-09-14T12:44:53,179930693.28,0.3682,01,1.0,1975-09-14,0
S15,1975-09-14T13:17:05,179932625.36,0.3321,01,1.0,1975-09-14,0
S15,1975-10-31T01:22:03,183950523.62,0.4531,01,0.9978,1975-10-31,0
S15,1975-11-11T13:27:04,184944424.3,0.315,01,1.0,1975-11-11,0
S15,1975-11-12T14:58:41,185036321.06,0.3856,01,1.0,1975-11-12,0
S15,1975-12-03T23:20:51,186880851.77,0.4235,01,0.9261,1975-12-03,0
S15,1976-01-13T07:26:25,190365985.06,0.2721,01,1.0,1976-01-13,0
S15,1976-01-16T22:43:49,190680229.89,0.3089,01,1.0,1976-01-16,0
S15,1976-02-23T09:19:55,193915195.62,0.3328,01,1.0,1976-02-23,0
S15,1976-04-15T20:50:28,198449428.98,0.3309,01,1.0,1976-04-15,0
S15,1976-04-22T17:31:09,199042269.43,0.3642,01,1.0,1976-04-22,0
S15,1976-05-16T12:55:59,201099359.85,0.3096,01,1.0,1976-05-16,0
S15,1976-05-22T01:14:19,201575659.92,0.374,01,1.0,1976-05-22,0
S15,1976-05-28T06:14:07,202112047.55,0.2952,01,1.0,1976-05-28,0
S15,1976-06-12T21:00:56,203461256.91,0.3048,01,1.0,1976-06-12,0
S15,1976-06-17T13:55:05,203867705.21,0.4382,01,1.0,1976-06-17,0
S15,1976-07-08T15:10:16,205686616.6,0.3214,01,1.0,1976-07-08,0
S15,1976-07-24T06:12:21,207036741.28,0.3665,01,1.0,1976-07-24,0
S15,1976-07-27T22:21:46,207354106.42,0.4059,01,1.0,1976-07-27,0
S15,1976-08-04T08:17:17,207994637.74,0.3597,01,1.0,1976-08-04,0
S15,1976-08-04T09:09:18,207997758.04,0.3746,01,1.0,1976-08-04,0
S15,1976-08-04T10:50:44,208003844.08,0.4067,01,1.0,1976-08-04,0
S15,1976-08-04T11:23:05,208005785.81,0.4706,01,1.0,1976-08-04,0
S15,1976-08-04T11:54:39,208007679.25,0.3379,01,1.0,1976-08-04,0
S15,1976-08-28T11:01:40,210078100.98,0.347,01,1.0,1976-08-28,0
S15,1976-10-18T20:38:43,214519123.77,0.4101,01,1.0,1976-10-18,0
S15,1976-10-31T15:51:39,215625099.32,0.3174,01,1.0,1976-10-31,0
S15,1976-10-31T16:41:53,215628113.36,0.383,01,1.0,1976-10-31,0
S15,1976-10-31T17:54:59,215632499.17,0.468,01,1.0,1976-10-31,0
S15,1976-11-05T13:56:03,216050163.17,0.4152,01,1.0,1976-11-05,0
S15,1976-11-17T13:48:09,217086489.81,0.328,01,1.0,1976-11-17,0
S15,1976-11-19T00:33:26,217211606.19,0.3495,01,1.0,1976-11-19,0
S15,1976-11-19T04:51:41,217227101.43,0.3194,01,1.0,1976-11-19,0
S15,1977-01-17T11:53:41,222350021.28,0.5066,01,0.9249,1977-01-17,0
S15,1977-01-18T17:32:26,222456746.72,0.3906,01,1.0,1977-01-18,0
S15,1977-01-28T11:12:47,223297967.55,0.3668,01,1.0,1977-01-28,0
S15,1977-01-28T13:26:16,223305976.0,0.3951,01,1.0,1977-01-28,0
S15,1977-01-28T13:58:37,223307917.74,0.4349,01,1.0,1977-01-28,0
S15,1977-02-10T22:11:47,224460707.47,0.3226,01,1.0,1977-02-10,0
S15,1977-02-12T01:44:26,224559866.42,0.4029,01,0.9532,1977-02-12,0
S15,1977-02-19T22:10:39,225238239.85,0.4162,01,1.0,1977-02-19,0
S15,1977-04-17T23:45:49,230168749.13,0.3549,00,1.0,1977-04-17,0
S15,1977-05-15T23:14:54,232586094.34,0.3054,00,1.0,1977-05-15,0
S15,1977-06-28T22:33:41,236385221.28,0.2966,00,1.0,1977-06-28,0
S15,1977-07-01T15:50:02,236620202.72,0.3743,00,1.0,1977-07-01,0
S15,1977-08-20T08:06:40,240912400.15,0.2899,00,1.0,1977-08-20,0
S15,1977-08-30T21:31:42,241824702.04,0.3562,00,1.0,1977-08-30,0
S15,1977-09-06T00:33:16,242353996.53,0.3793,00,1.0,1977-09-06,0
S15,1977-09-13T22:43:01,243038581.58,0.3363,00,1.0,1977-09-13,0
S15,1977-09-19T12:44:14,243521054.64,0.3826,00,1.0,1977-09-19,0
